client_1_loss,client_1_accuracy,client_2_loss,client_2_accuracy,client_3_loss,client_3_accuracy,client_4_loss,client_4_accuracy
0.6770028925664525,0.6666666666666666,0.4236664932627478,0.8666666666666667,0.5929593310807644,0.7333333333333333,0.4986671952938268,0.8
0.5139519739785708,0.8,0.5945756377506061,0.7333333333333333,0.5147952035312778,0.8,0.6911208113922481,0.6206896551724138
0.5959854376210658,0.7241379310344828,0.6282202235189376,0.6666666666666666,0.5316705645164645,0.8,0.6368194045135195,0.6666666666666666
0.5208567987384902,0.8,0.6722754712176252,0.6333333333333333,0.563969648904247,0.7586206896551724,0.5559088807821401,0.7666666666666667
0.5494322028735035,0.7666666666666667,0.5358718053652144,0.7931034482758621,0.7010455224437432,0.6,0.6703864739240447,0.6333333333333333
0.5801450200257231,0.7333333333333333,0.5300490417364832,0.8,0.6122667241872041,0.7,0.5856042162304335,0.7333333333333333
